FIRST,SER,ARG,LEU,PRO,THR,ALA,VAL,GLY,ILE,PHE,TYR,CYS,HIS,GLN,ASN,LYS,ASP,GLU,MET,TRP
SER,1,0.568627451,0.431372549,0.709803922,0.77254902,0.611764706,0.51372549,0.780392157,0.443137255,0.392156863,0.435294118,0.560784314,0.650980392,0.733333333,0.819607843,0.525490196,0.745098039,0.68627451,0.470588235,0.305882353
ARG,0.568627451,1,0.6,0.596078431,0.721568627,0.560784314,0.623529412,0.509803922,0.619607843,0.619607843,0.698039216,0.294117647,0.88627451,0.831372549,0.662745098,0.898039216,0.623529412,0.788235294,0.643137255,0.603921569
LEU,0.431372549,0.6,1,0.615686275,0.639215686,0.623529412,0.874509804,0.458823529,0.980392157,0.91372549,0.858823529,0.223529412,0.611764706,0.556862745,0.4,0.580392157,0.325490196,0.458823529,0.941176471,0.760784314
PRO,0.709803922,0.596078431,0.615686275,1,0.850980392,0.894117647,0.733333333,0.835294118,0.62745098,0.552941176,0.568627451,0.337254902,0.698039216,0.701960784,0.643137255,0.596078431,0.576470588,0.635294118,0.658823529,0.423529412
THR,0.77254902,0.721568627,0.639215686,0.850980392,1,0.77254902,0.729411765,0.768627451,0.650980392,0.596078431,0.639215686,0.415686275,0.815686275,0.835294118,0.745098039,0.694117647,0.666666667,0.745098039,0.682352941,0.498039216
ALA,0.611764706,0.560784314,0.623529412,0.894117647,0.77254902,1,0.749019608,0.764705882,0.631372549,0.556862745,0.560784314,0.235294118,0.662745098,0.643137255,0.564705882,0.584313725,0.505882353,0.580392157,0.670588235,0.419607843
VAL,0.51372549,0.623529412,0.874509804,0.733333333,0.729411765,0.749019608,1,0.57254902,0.88627451,0.803921569,0.784313725,0.247058824,0.670588235,0.623529412,0.478431373,0.619607843,0.403921569,0.525490196,0.917647059,0.654901961
GLY,0.780392157,0.509803922,0.458823529,0.835294118,0.768627451,0.764705882,0.57254902,1,0.470588235,0.4,0.423529412,0.376470588,0.615686275,0.658823529,0.68627451,0.501960784,0.631372549,0.615686275,0.501960784,0.278431373
ILE,0.443137255,0.619607843,0.980392157,0.62745098,0.650980392,0.631372549,0.88627451,0.470588235,1,0.917647059,0.870588235,0.223529412,0.631372549,0.57254902,0.415686275,0.6,0.341176471,0.474509804,0.960784314,0.760784314
PHE,0.392156863,0.619607843,0.91372549,0.552941176,0.596078431,0.556862745,0.803921569,0.4,0.917647059,1,0.91372549,0.196078431,0.607843137,0.545098039,0.380392157,0.6,0.305882353,0.450980392,0.890196078,0.843137255
TYR,0.435294118,0.698039216,0.858823529,0.568627451,0.639215686,0.560784314,0.784313725,0.423529412,0.870588235,0.91372549,1,0.239215686,0.674509804,0.611764706,0.439215686,0.666666667,0.37254902,0.521568627,0.858823529,0.854901961
CYS,0.560784314,0.294117647,0.223529412,0.337254902,0.415686275,0.235294118,0.247058824,0.376470588,0.223529412,0.196078431,0.239215686,1,0.317647059,0.396078431,0.454901961,0.207843137,0.396078431,0.333333333,0.231372549,0.156862745
HIS,0.650980392,0.88627451,0.611764706,0.698039216,0.815686275,0.662745098,0.670588235,0.615686275,0.631372549,0.607843137,0.674509804,0.317647059,1,0.905882353,0.733333333,0.874509804,0.682352941,0.843137255,0.658823529,0.549019608
GLN,0.733333333,0.831372549,0.556862745,0.701960784,0.835294118,0.643137255,0.623529412,0.658823529,0.57254902,0.545098039,0.611764706,0.396078431,0.905882353,1,0.819607843,0.792156863,0.760784314,0.88627451,0.603921569,0.490196078
ASN,0.819607843,0.662745098,0.4,0.643137255,0.745098039,0.392156863,0.478431373,0.68627451,0.415686275,0.380392157,0.439215686,0.454901961,0.733333333,0.819607843,1,0.631372549,0.909803922,0.835294118,0.443137255,0.317647059
LYS,0.525490196,0.898039216,0.580392157,0.596078431,0.694117647,0.584313725,0.619607843,0.501960784,0.6,0.6,0.666666667,0.207843137,0.874509804,0.792156863,0.631372549,1,0.603921569,0.780392157,0.62745098,0.568627451
ASP,0.745098039,0.623529412,0.325490196,0.576470588,0.666666667,0.505882353,0.403921569,0.631372549,0.341176471,0.305882353,0.37254902,0.396078431,0.682352941,0.760784314,0.909803922,0.603921569,1,0.823529412,0.37254902,0.290196078
GLU,0.68627451,0.788235294,0.458823529,0.635294118,0.745098039,0.580392157,0.525490196,0.615686275,0.474509804,0.450980392,0.521568627,0.333333333,0.843137255,0.88627451,0.835294118,0.780392157,0.823529412,1,0.505882353,0.403921569
MET,0.470588235,0.643137255,0.941176471,0.658823529,0.682352941,0.670588235,0.917647059,0.501960784,0.960784314,0.890196078,0.858823529,0.231372549,0.658823529,0.603921569,0.443137255,0.62745098,0.37254902,0.505882353,1,0.737254902
TRP,0.305882353,0.603921569,0.760784314,0.423529412,0.498039216,0.419607843,0.654901961,0.278431373,0.760784314,0.843137255,0.854901961,0.156862745,0.549019608,0.490196078,0.317647059,0.568627451,0.290196078,0.403921569,0.737254902,1
